-- phpMyAdmin SQL Dump
-- version 4.8.5
-- https://www.phpmyadmin.net/
--
-- Máy chủ: 127.0.0.1
-- Thời gian đã tạo: Th7 11, 2019 lúc 12:04 PM
-- Phiên bản máy phục vụ: 10.1.40-MariaDB
-- Phiên bản PHP: 7.3.5

SET SQL_MODE = "NO_AUTO_VALUE_ON_ZERO";
SET AUTOCOMMIT = 0;
START TRANSACTION;
SET time_zone = "+00:00";


/*!40101 SET @OLD_CHARACTER_SET_CLIENT=@@CHARACTER_SET_CLIENT */;
/*!40101 SET @OLD_CHARACTER_SET_RESULTS=@@CHARACTER_SET_RESULTS */;
/*!40101 SET @OLD_COLLATION_CONNECTION=@@COLLATION_CONNECTION */;
/*!40101 SET NAMES utf8mb4 */;

--
-- Cơ sở dữ liệu: `shopmultisellerv1`
--

-- --------------------------------------------------------

--
-- Cấu trúc bảng cho bảng `binhluan`
--

CREATE TABLE `binhluan` (
  `id_BinhLuan` int(11) NOT NULL,
  `NoiDung` text COLLATE utf8_unicode_ci NOT NULL,
  `id_User` int(11) NOT NULL,
  `id_SanPham` int(11) NOT NULL,
  `ThoiGian` datetime NOT NULL
) ENGINE=InnoDB DEFAULT CHARSET=utf8 COLLATE=utf8_unicode_ci;

--
-- Đang đổ dữ liệu cho bảng `binhluan`
--

INSERT INTO `binhluan` (`id_BinhLuan`, `NoiDung`, `id_User`, `id_SanPham`, `ThoiGian`) VALUES
(1, 'cách nào bật lez', 43, 17, '0000-00-00 00:00:00'),
(2, 'Bao lâu thầy có hàng giao tới nơi', 38, 17, '0000-00-00 00:00:00'),
(19, 'qq', 43, 2, '0000-00-00 00:00:00'),
(20, 'hello', 51, 1, '0000-00-00 00:00:00'),
(21, 'sản phẩm nghe êm tai không', 51, 17, '0000-00-00 00:00:00'),
(23, 'phát sóng khoảng bao nhiêu m?', 52, 22, '0000-00-00 00:00:00'),
(24, 'sài tốt ko?', 52, 22, '0000-00-00 00:00:00'),
(25, 'QQ', 51, 17, '0000-00-00 00:00:00'),
(26, 'Hello', 52, 22, '0000-00-00 00:00:00'),
(27, 'Mua rồi có xài được hok mại', 42, 17, '0000-00-00 00:00:00'),
(28, 'bán giá sao', 42, 5, '0000-00-00 00:00:00'),
(29, 'chào', 51, 2, '2019-07-10 20:01:10');

-- --------------------------------------------------------

--
-- Cấu trúc bảng cho bảng `chitietdonhang`
--

CREATE TABLE `chitietdonhang` (
  `id` int(11) NOT NULL,
  `id_donhang` int(11) NOT NULL,
  `id_sp` int(11) NOT NULL,
  `soluong` int(11) NOT NULL,
  `dongia` int(11) NOT NULL,
  `DanhGia` int(11) NOT NULL
) ENGINE=InnoDB DEFAULT CHARSET=utf8 COLLATE=utf8_unicode_ci;

--
-- Đang đổ dữ liệu cho bảng `chitietdonhang`
--

INSERT INTO `chitietdonhang` (`id`, `id_donhang`, `id_sp`, `soluong`, `dongia`, `DanhGia`) VALUES
(28, 8, 1, 2, 4290000, 1),
(29, 8, 17, 1, 450000, 1),
(30, 9, 2, 1, 2290000, 0),
(31, 10, 8, 1, 122000, 0),
(32, 10, 3, 1, 9990000, 0),
(33, 11, 17, 1, 450000, 0),
(34, 12, 2, 1, 2290000, 0),
(35, 13, 17, 1, 450000, 1),
(36, 14, 2, 1, 2290000, 0),
(37, 15, 2, 1, 2290000, 0),
(38, 15, 1, 1, 4290000, 0),
(39, 16, 3, 1, 9990000, 0),
(40, 17, 2, 1, 2290000, 0),
(42, 22, 17, 1, 450000, 1),
(43, 23, 5, 3, 70209000, 0),
(44, 24, 17, 1, 450000, 1),
(45, 25, 1, 1, 4290000, 0),
(46, 25, 9, 1, 26990000, 0),
(47, 25, 5, 1, 23403000, 0),
(48, 25, 7, 1, 179000, 0),
(49, 26, 21, 1, 270000, 0),
(50, 27, 5, 1, 23403000, 1),
(51, 28, 2, 1, 2290000, 0),
(52, 28, 1, 1, 4290000, 0),
(53, 29, 2, 1, 2290000, 0),
(54, 30, 7, 1, 179000, 0),
(55, 30, 5, 1, 23403000, 0),
(56, 31, 4, 1, 359000, 0),
(57, 32, 2, 1, 2290000, 0),
(58, 32, 5, 1, 23403000, 0),
(59, 33, 2, 1, 2290000, 0),
(60, 34, 8, 1, 122000, 0),
(61, 35, 5, 1, 23403000, 0),
(62, 35, 1, 1, 4290000, 0),
(63, 36, 8, 1, 122000, 0),
(64, 37, 1, 1, 4290000, 0),
(65, 37, 9, 1, 26990000, 0),
(66, 38, 1, 1, 4290000, 0),
(67, 39, 6, 1, 14200000, 0),
(68, 40, 5, 1, 23403000, 0),
(69, 41, 2, 1, 2290000, 0),
(70, 41, 7, 1, 179000, 0),
(71, 42, 8, 1, 122000, 0),
(72, 42, 4, 1, 359000, 0),
(73, 42, 6, 1, 14200000, 0),
(74, 43, 1, 1, 4290000, 0),
(75, 44, 2, 1, 2290000, 0),
(76, 45, 3, 1, 9990000, 0),
(77, 46, 5, 1, 23403000, 0),
(78, 47, 8, 1, 122000, 0),
(79, 48, 1, 1, 4290000, 0),
(80, 49, 4, 1, 359000, 0),
(81, 50, 3, 1, 9990000, 0),
(82, 50, 4, 1, 359000, 0),
(83, 51, 8, 1, 122000, 0),
(84, 51, 3, 1, 9990000, 0),
(85, 52, 1, 1, 4290000, 0),
(86, 53, 1, 1, 4290000, 0),
(87, 53, 2, 1, 2290000, 0),
(88, 53, 5, 1, 23403000, 0),
(89, 54, 1, 1, 4290000, 0),
(90, 54, 2, 1, 2290000, 0),
(91, 55, 4, 1, 359000, 0),
(92, 56, 1, 1, 4290000, 0),
(93, 56, 2, 1, 2290000, 0),
(94, 56, 7, 1, 179000, 0),
(95, 57, 6, 1, 14200000, 0),
(96, 58, 1, 1, 4290000, 0),
(97, 58, 5, 1, 23403000, 0),
(98, 58, 2, 1, 2290000, 0),
(99, 58, 9, 1, 26990000, 0),
(100, 59, 1, 1, 4290000, 0),
(101, 59, 2, 1, 2290000, 0),
(102, 59, 5, 1, 23403000, 0),
(103, 60, 3, 1, 9990000, 0),
(104, 60, 4, 1, 359000, 0),
(105, 61, 7, 1, 179000, 0),
(106, 61, 5, 1, 23403000, 0),
(107, 61, 2, 1, 2290000, 0),
(108, 61, 1, 1, 4290000, 0),
(109, 62, 16, 1, 21690000, 0),
(110, 62, 21, 1, 270000, 0),
(111, 62, 17, 1, 450000, 0),
(112, 63, 7, 1, 179000, 0),
(113, 63, 9, 1, 26990000, 0),
(114, 64, 12, 1, 9290000, 0),
(115, 65, 2, 1, 2290000, 0),
(116, 66, 2, 2, 2290000, 0),
(117, 67, 1, 2, 8580000, 0),
(118, 68, 2, 1, 2290000, 0),
(119, 69, 1, 4, 17160000, 0),
(120, 70, 4, 3, 1077000, 0),
(121, 71, 2, 3, 6870000, 0),
(122, 71, 5, 2, 46806000, 0),
(123, 72, 1, 1, 4290000, 0),
(124, 72, 9, 1, 26990000, 0),
(125, 73, 17, 1, 450000, 0),
(126, 73, 4, 1, 359000, 0),
(127, 74, 1, 1, 4290000, 0),
(128, 75, 5, 1, 23403000, 0),
(129, 75, 7, 1, 179000, 0),
(130, 76, 5, 1, 23403000, 0),
(131, 76, 7, 1, 179000, 0),
(132, 77, 5, 1, 23403000, 0),
(133, 77, 7, 1, 179000, 0),
(134, 78, 5, 1, 23403000, 0),
(135, 78, 7, 1, 179000, 0),
(136, 79, 5, 1, 23403000, 0),
(137, 79, 7, 1, 179000, 0),
(138, 80, 5, 1, 23403000, 0),
(139, 80, 7, 1, 179000, 0),
(140, 81, 17, 1, 450000, 0),
(141, 81, 4, 1, 359000, 0),
(142, 82, 1, 1, 4290000, 0),
(143, 82, 5, 1, 23403000, 0),
(144, 83, 15, 1, 55000, 0),
(145, 83, 8, 1, 122000, 0),
(146, 84, 5, 1, 23403000, 0),
(147, 85, 1, 1, 4290000, 1),
(148, 86, 23, 1, 10000000, 0),
(149, 87, 23, 1, 10000000, 0),
(150, 88, 2, 1, 2290000, 0),
(151, 89, 9, 1, 26990000, 0),
(152, 89, 7, 1, 179000, 0),
(153, 90, 17, 1, 450000, 0),
(154, 91, 9, 1, 26990000, 0),
(155, 92, 4, 1, 359000, 0),
(156, 93, 7, 1, 179000, 0),
(157, 93, 2, 1, 2290000, 0),
(158, 94, 3, 1, 9990000, 0),
(159, 95, 9, 1, 26990000, 0),
(160, 96, 17, 1, 450000, 0),
(161, 96, 3, 1, 9990000, 0),
(162, 97, 1, 1, 4290000, 0),
(163, 98, 8, 1, 122000, 0),
(164, 99, 9, 1, 26990000, 0),
(165, 100, 3, 1, 9990000, 0),
(166, 100, 4, 1, 359000, 0),
(167, 101, 3, 1, 9990000, 0),
(168, 101, 4, 1, 359000, 0),
(169, 102, 17, 1, 450000, 0),
(170, 102, 3, 1, 9990000, 0),
(171, 103, 8, 1, 122000, 0),
(172, 103, 4, 1, 359000, 0),
(173, 104, 7, 1, 179000, 0),
(174, 104, 5, 1, 23403000, 0),
(175, 105, 21, 1, 270000, 0),
(176, 106, 9, 1, 26990000, 0),
(177, 107, 8, 1, 122000, 0),
(178, 108, 9, 1, 26990000, 0),
(179, 109, 8, 1, 122000, 0),
(180, 109, 21, 1, 270000, 0),
(181, 110, 3, 1, 9990000, 0),
(182, 110, 17, 1, 450000, 0),
(183, 111, 7, 1, 179000, 0),
(184, 111, 9, 1, 26990000, 0),
(185, 112, 17, 1, 450000, 0),
(186, 113, 9, 1, 26990000, 0),
(187, 114, 17, 1, 450000, 0),
(188, 115, 2, 1, 2290000, 0),
(189, 115, 5, 1, 23403000, 0),
(190, 116, 1, 1, 4290000, 0),
(191, 117, 17, 1, 450000, 0),
(192, 118, 1, 1, 4290000, 0),
(193, 119, 17, 1, 450000, 0),
(194, 120, 2, 1, 2290000, 0),
(195, 121, 17, 1, 450000, 0),
(196, 122, 7, 1, 179000, 0),
(197, 122, 9, 1, 26990000, 0),
(198, 123, 7, 1, 179000, 0),
(199, 123, 5, 1, 23403000, 0),
(200, 124, 17, 1, 450000, 0),
(201, 125, 17, 1, 450000, 0),
(202, 126, 9, 1, 26990000, 0),
(203, 126, 1, 1, 4290000, 0),
(204, 127, 17, 1, 450000, 0),
(205, 127, 20, 1, 80000, 0),
(206, 127, 16, 1, 21690000, 0),
(207, 128, 23, 1, 10000000, 0),
(208, 129, 21, 1, 270000, 0),
(209, 129, 13, 1, 14690000, 0),
(210, 130, 4, 1, 359000, 0),
(211, 130, 22, 1, 525000, 0),
(212, 131, 14, 1, 1450000, 0),
(213, 132, 5, 1, 23403000, 0),
(214, 132, 7, 1, 179000, 0),
(215, 133, 17, 1, 450000, 0),
(216, 134, 2, 1, 2290000, 0),
(217, 135, 4, 1, 359000, 0),
(218, 136, 9, 1, 26990000, 0),
(219, 137, 8, 1, 122000, 0),
(220, 138, 13, 1, 14690000, 0),
(221, 138, 8, 1, 122000, 0),
(222, 139, 14, 1, 1450000, 0),
(223, 140, 2, 1, 2290000, 0),
(224, 141, 17, 1, 450000, 0),
(225, 142, 2, 2, 4580000, 0),
(226, 143, 2, 2, 4580000, 0),
(227, 144, 2, 2, 4580000, 0),
(228, 145, 5, 1, 23403000, 0),
(229, 146, 17, 1, 450000, 0),
(230, 147, 1, 1, 4290000, 0),
(231, 148, 4, 1, 359000, 0),
(232, 149, 16, 1, 21690000, 0),
(233, 149, 15, 1, 55000, 0),
(234, 150, 9, 1, 26990000, 0),
(235, 150, 14, 1, 1450000, 0),
(236, 151, 8, 1, 122000, 0),
(237, 152, 12, 1, 9290000, 0),
(238, 152, 4, 1, 359000, 0),
(239, 153, 9, 1, 26990000, 0),
(240, 154, 8, 1, 122000, 0),
(241, 154, 17, 1, 450000, 0),
(242, 155, 5, 1, 23403000, 0),
(243, 156, 8, 1, 122000, 0),
(244, 157, 13, 1, 14690000, 0),
(245, 157, 8, 1, 122000, 0),
(246, 157, 17, 1, 450000, 0),
(247, 158, 4, 1, 359000, 0),
(248, 159, 1, 1, 4290000, 0),
(249, 160, 3, 1, 9990000, 0),
(250, 160, 15, 1, 55000, 0),
(251, 160, 4, 1, 359000, 0),
(252, 161, 9, 1, 26990000, 0),
(253, 161, 7, 1, 179000, 0),
(254, 162, 17, 1, 450000, 0),
(255, 163, 13, 1, 14690000, 0),
(256, 163, 8, 1, 122000, 0),
(257, 164, 5, 1, 23403000, 0),
(258, 165, 8, 1, 122000, 0),
(259, 166, 17, 1, 450000, 0);

-- --------------------------------------------------------

--
-- Cấu trúc bảng cho bảng `chitietloaisanpham`
--

CREATE TABLE `chitietloaisanpham` (
  `id_ChiTietLoai` int(11) NOT NULL,
  `TenChiTietLoai` varchar(50) COLLATE utf8_unicode_ci NOT NULL,
  `id_LoaiSanPham` int(11) NOT NULL
) ENGINE=InnoDB DEFAULT CHARSET=utf8 COLLATE=utf8_unicode_ci;

--
-- Đang đổ dữ liệu cho bảng `chitietloaisanpham`
--

INSERT INTO `chitietloaisanpham` (`id_ChiTietLoai`, `TenChiTietLoai`, `id_LoaiSanPham`) VALUES
(1, 'Điện thoại di động', 1),
(2, 'Máy tính bảng', 2),
(3, 'Tai nghe', 3),
(4, 'Loa di động', 3),
(5, 'Loa thông minh', 3),
(6, 'Laptop cơ bản', 4),
(7, 'Laptop chơi game', 4),
(8, 'Macbook', 4),
(9, 'Máy tính chơi game', 5),
(10, 'Máy tính nguyên bộ', 5),
(11, 'Màn hình', 5),
(12, 'Ốp lưng & bao da điện thoại', 6),
(13, 'Sim & Thẻ cào', 6),
(14, 'Sạc dự phòng', 6),
(15, 'Cáp & Dock sạc', 6),
(16, 'Chuột', 7),
(17, 'Mainboard - Bo Mạch Chủ', 7),
(18, 'Miến lót chuột', 7),
(19, 'Dây cáp & Adaptor', 7),
(20, 'Bộ phát sóng Wifi', 8),
(21, 'Bộ Khuếch đại Wifi', 8),
(22, 'Router', 8),
(23, 'Bộ thu sóng Wifi', 8),
(24, 'Modems', 8),
(29, 'Quần nam', 10),
(30, 'Túi xách nam', 10),
(31, 'Đồng hồ nữ', 11),
(32, 'Đồng hồ nam', 11),
(33, 'Kính mát', 11),
(34, 'Kính áp tròng', 11),
(35, 'Trang sức nữ', 11),
(36, 'Trang sức nam', 11);

-- --------------------------------------------------------

--
-- Cấu trúc bảng cho bảng `danhgia`
--

CREATE TABLE `danhgia` (
  `id_DanhGia` int(11) NOT NULL,
  `DanhGiaSanPham` int(11) NOT NULL,
  `NoiDungSanPham` varchar(255) COLLATE utf8_unicode_ci NOT NULL,
  `DanhGiaShop` int(11) NOT NULL,
  `NoiDungShop` varchar(255) COLLATE utf8_unicode_ci NOT NULL,
  `ThoiGianDanhGia` datetime NOT NULL,
  `id_SanPham` int(11) NOT NULL,
  `id_DonHang` int(11) NOT NULL
) ENGINE=InnoDB DEFAULT CHARSET=utf8 COLLATE=utf8_unicode_ci;

--
-- Đang đổ dữ liệu cho bảng `danhgia`
--

INSERT INTO `danhgia` (`id_DanhGia`, `DanhGiaSanPham`, `NoiDungSanPham`, `DanhGiaShop`, `NoiDungShop`, `ThoiGianDanhGia`, `id_SanPham`, `id_DonHang`) VALUES
(1, 5, 'Sản phẩm tốt', 5, 'tốt', '2019-04-23 15:04:31', 1, 8),
(2, 5, 'Giao hàng nhanh', 5, 'tốt', '2019-04-23 19:48:07', 17, 22),
(3, 5, 'DC đấy', 5, 'ok', '2019-04-23 19:48:24', 17, 8),
(4, 4, 'Sản phẩm tốt', 5, 'ok', '2019-04-23 19:50:11', 17, 13),
(5, 5, 'Sản phẩm cùi bắp', 5, 'Shop làm ăn ẩu tả, gian dối', '2019-05-11 13:34:56', 17, 24),
(6, 4, '', 3, '', '2019-05-12 09:53:11', 5, 27),
(7, 1, 'aa', 1, 'aa', '2019-06-29 13:25:46', 1, 85);

-- --------------------------------------------------------

--
-- Cấu trúc bảng cho bảng `donhang`
--

CREATE TABLE `donhang` (
  `id` int(11) NOT NULL,
  `id_User` int(11) NOT NULL,
  `DiaChiGiaoHang` varchar(255) COLLATE utf8_unicode_ci NOT NULL,
  `SDT` varchar(12) COLLATE utf8_unicode_ci NOT NULL,
  `TenKH` varchar(100) COLLATE utf8_unicode_ci NOT NULL,
  `Status` varchar(100) COLLATE utf8_unicode_ci NOT NULL,
  `SoLuong` int(11) NOT NULL,
  `TongTien` int(11) NOT NULL,
  `id_Shop` varchar(200) COLLATE utf8_unicode_ci NOT NULL,
  `NumKey` int(11) NOT NULL,
  `date_Created` datetime NOT NULL,
  `LyDoHuy` varchar(255) COLLATE utf8_unicode_ci NOT NULL
) ENGINE=InnoDB DEFAULT CHARSET=utf8 COLLATE=utf8_unicode_ci;

--
-- Đang đổ dữ liệu cho bảng `donhang`
--

INSERT INTO `donhang` (`id`, `id_User`, `DiaChiGiaoHang`, `SDT`, `TenKH`, `Status`, `SoLuong`, `TongTien`, `id_Shop`, `NumKey`, `date_Created`, `LyDoHuy`) VALUES
(8, 51, 'CC', '0817233044', 'huutrong', 'Đã Giao Hàng', 2, 4740000, '38,1', 0, '0000-00-00 00:00:00', ''),
(9, 53, 'CT', '0817233044', 'Liên Nhựt Khang', 'Đã Hủy', 1, 2290000, '38', 1269626696, '2019-04-20 00:00:00', 'không mua'),
(10, 53, 'CT', '0817233044', 'Liên Nhựt Khang', 'Đã Xác Nhận', 2, 10112000, '1', 1373490375, '2019-04-20 00:00:00', ''),
(11, 51, 'ct', '0343606417', 'huutrong', 'Đã Xác Nhận', 1, 450000, '1', 1357904800, '2019-04-20 00:00:00', ''),
(12, 51, 'ct', '0343606417', 'huutrong', 'Chưa Xác Nhận', 1, 2290000, '38', 1909687918, '2019-04-20 00:00:00', ''),
(13, 52, 'CT', '0817233044', 'Huỳnh Hữu Trọng', 'Đã Giao Hàng', 1, 450000, '1', 620773339, '2019-04-20 00:00:00', ''),
(14, 51, 'bjb ', '0817233044', 'huutrong', 'Chưa Xác Nhận', 1, 2290000, '38', 275462462, '2019-04-20 00:00:00', ''),
(15, 51, 'ct', '0817233044', 'huutrong', 'Chưa Xác Nhận', 2, 6580000, '38', 1051504360, '2019-04-20 00:00:00', ''),
(16, 51, 'ct', '0817233044', 'huutrong', 'Đã Xác Nhận', 1, 9990000, '1', 950360063, '2019-04-20 00:00:00', ''),
(17, 51, 'hb', '0817233044', 'huutrong', 'Chưa Xác Nhận', 1, 2290000, '38', 105797311, '2019-04-20 16:40:46', ''),
(22, 51, 'CT', '0817233044', 'huutrong', 'Đã Giao Hàng', 1, 450000, '1', 753511198, '2019-04-23 19:44:42', ''),
(23, 42, 'Cần Thơ', '0817233044', 'Khang Nhựt Liên', 'Đã Hủy', 3, 70209000, '38', 1212004977, '2019-05-11 08:26:08', 'Không mua thì hủy'),
(24, 42, 'Cần Thơ', '0817233044', 'Khang Nhựt Liên', 'Đã Giao Hàng', 1, 450000, '1', 1591519483, '2019-05-11 13:24:32', ''),
(25, 42, 'CT', '0817233044', 'Khang Nhựt Liên', 'Chưa Xác Nhận', 4, 54862000, '38', 1823677240, '2019-05-12 09:34:44', ''),
(26, 42, 'CT', '0817233044', 'Khang Nhựt Liên', 'Đã Hủy', 1, 270000, '1', 906312720, '2019-05-12 04:50:55', 'fssdg'),
(27, 42, 'CT', '0817233044', 'Khang Nhựt Liên', 'Đã Giao Hàng', 1, 23403000, '38', 1984960407, '2019-05-12 09:44:31', ''),
(28, 42, 'ct', '0817233044', 'Khang Nhựt Liên', 'Chưa Xác Nhận', 2, 6580000, '38', 1945218337, '2019-05-13 14:20:59', ''),
(29, 42, 'ưd', '0817233044', 'Khang Nhựt Liên', 'Chưa Xác Nhận', 1, 2290000, '38', 1619045663, '2019-05-13 14:22:00', ''),
(30, 42, 'ct', '0817233044', 'Khang Nhựt Liên', 'Chưa Xác Nhận', 2, 23582000, '38', 369238339, '2019-05-13 14:24:24', ''),
(31, 42, 'ct', '0817233044', 'Khang Nhựt Liên', 'Chưa Xác Nhận', 1, 359000, '1', 1187446674, '2019-05-13 14:25:18', ''),
(32, 42, 'ct', '0817233044', 'Khang Nhựt Liên', 'Chưa Xác Nhận', 2, 25693000, '38', 1207001679, '2019-05-13 14:25:18', ''),
(33, 42, 'ưa', '0817233044', 'Khang Nhựt Liên', 'Chưa Xác Nhận', 1, 2290000, '38', 86461286, '2019-05-13 14:26:56', ''),
(34, 42, 'ưa', '0817233044', 'Khang Nhựt Liên', 'Chưa Xác Nhận', 1, 122000, '1', 1655755724, '2019-05-13 14:26:56', ''),
(35, 42, 'ưd', '0817233044', 'Khang Nhựt Liên', 'Chưa Xác Nhận', 2, 27693000, '38', 454315867, '2019-05-13 14:27:37', ''),
(36, 42, 'xds', '0817233044', 'Khang Nhựt Liên', 'Chưa Xác Nhận', 1, 122000, '1', 595616924, '2019-05-13 14:28:52', ''),
(37, 42, 'xds', '0817233044', 'Khang Nhựt Liên', 'Chưa Xác Nhận', 2, 31280000, '38', 403127845, '2019-05-13 14:28:52', ''),
(38, 42, 'ct', '0817233044', 'Khang Nhựt Liên', 'Chưa Xác Nhận', 1, 4290000, '38', 844581423, '2019-05-13 14:40:01', ''),
(39, 42, 'ct', '0817233044', 'Khang Nhựt Liên', 'Chưa Xác Nhận', 1, 14200000, '1', 502780513, '2019-05-13 14:40:01', ''),
(40, 42, 'ưdx', '0817233044', 'Khang Nhựt Liên', 'Chưa Xác Nhận', 1, 23403000, '38', 2125843765, '2019-05-13 14:42:53', ''),
(41, 42, 'ưd', '0817233044', 'Khang Nhựt Liên', 'Chưa Xác Nhận', 2, 2469000, '38', 634731363, '2019-05-13 14:44:20', ''),
(42, 42, 'qsq', '0817233044', 'Khang Nhựt Liên', 'Chưa Xác Nhận', 3, 14681000, '1', 556542115, '2019-05-13 14:45:26', ''),
(43, 42, 'd', '0817233044', 'Khang Nhựt Liên', 'Chưa Xác Nhận', 1, 4290000, '38', 497154134, '2019-05-13 14:45:43', ''),
(44, 42, 'ưqd', '0817233044', 'Khang Nhựt Liên', 'Chưa Xác Nhận', 1, 2290000, '38', 884727881, '2019-05-13 14:45:59', ''),
(45, 42, 'ưqd', '0817233044', 'Khang Nhựt Liên', 'Chưa Xác Nhận', 1, 9990000, '1', 1844888774, '2019-05-13 14:45:59', ''),
(46, 42, 'ưs', '0817233044', 'Khang Nhựt Liên', 'Chưa Xác Nhận', 1, 23403000, '38', 245340292, '2019-05-13 14:46:16', ''),
(47, 42, 'ưs', '0817233044', 'Khang Nhựt Liên', 'Chưa Xác Nhận', 1, 122000, '1', 584732559, '2019-05-13 14:46:16', ''),
(48, 42, 'x', '0817233044', 'Khang Nhựt Liên', 'Chưa Xác Nhận', 1, 4290000, '38', 2043092661, '2019-05-13 14:46:52', ''),
(49, 42, 'x', '0817233044', 'Khang Nhựt Liên', 'Chưa Xác Nhận', 1, 359000, '1', 1757543977, '2019-05-13 14:46:52', ''),
(50, 42, '32ed', '0817233044', 'Khang Nhựt Liên', 'Chưa Xác Nhận', 2, 10349000, '1', 1420156158, '2019-05-13 14:47:07', ''),
(51, 42, 'ưd', '0817233044', 'Khang Nhựt Liên', 'Chưa Xác Nhận', 2, 10112000, '1', 635833829, '2019-05-15 10:39:17', ''),
(52, 42, 'ưd', '0817233044', 'Khang Nhựt Liên', 'Chưa Xác Nhận', 1, 4290000, '38', 756615727, '2019-05-15 10:39:17', ''),
(53, 42, 'dxw', '0817233044', 'Khang Nhựt Liên', 'Chưa Xác Nhận', 3, 29983000, '38', 968836448, '2019-05-15 10:40:04', ''),
(54, 42, 'qd', '0817233044', 'Khang Nhựt Liên', 'Chưa Xác Nhận', 2, 6580000, '38', 2047378188, '2019-05-15 10:40:24', ''),
(55, 42, 'qd', '0817233044', 'Khang Nhựt Liên', 'Chưa Xác Nhận', 1, 359000, '1', 2111840370, '2019-05-15 10:40:24', ''),
(56, 42, 'sa', '0817233044', 'Khang Nhựt Liên', 'Chưa Xác Nhận', 3, 6759000, '38', 1315641188, '2019-05-15 10:41:10', ''),
(57, 42, 'sa', '0817233044', 'Khang Nhựt Liên', 'Chưa Xác Nhận', 1, 14200000, '1', 1299913229, '2019-05-15 10:41:10', ''),
(58, 42, 'qưd', '0817233044', 'Khang Nhựt Liên', 'Chưa Xác Nhận', 4, 56973000, '38', 900653161, '2019-05-17 09:36:06', ''),
(59, 42, 'w', '0817233044', 'Khang Nhựt Liên', 'Chưa Xác Nhận', 3, 29983000, '38', 851912440, '2019-05-17 09:36:39', ''),
(60, 42, 'w', '0817233044', 'Khang Nhựt Liên', 'Chưa Xác Nhận', 2, 10349000, '1', 103534040, '2019-05-17 09:36:39', ''),
(61, 42, '3r', '0817233044', 'Khang Nhựt Liên', 'Chưa Xác Nhận', 4, 30162000, '38', 1985981870, '2019-05-17 09:37:40', ''),
(62, 42, 'qd', '0817233044', 'Khang Nhựt Liên', 'Chưa Xác Nhận', 3, 22410000, '1', 280395737, '2019-05-17 09:38:06', ''),
(63, 42, '', '0817233044', 'Khang Nhựt Liên', 'Chưa Xác Nhận', 2, 27169000, '38', 1015729255, '2019-05-17 09:38:59', ''),
(64, 42, '', '0817233044', 'Khang Nhựt Liên', 'Chưa Xác Nhận', 1, 9290000, '1', 107358325, '2019-05-17 09:38:59', ''),
(65, 42, 'è', '0817233044', 'Khang Nhựt Liên', 'Chưa Xác Nhận', 1, 2290000, '38', 115714797, '2019-05-19 10:52:24', ''),
(66, 42, 'd', '0817233044', 'Khang Nhựt Liên', 'Đã Giao Hàng', 1, 2290000, '38', 1719594555, '2019-05-19 11:03:39', ''),
(67, 42, 'fe', '0817233044', 'Khang Nhựt Liên', 'Chưa Xác Nhận', 1, 4290000, '38', 852157757, '2019-05-19 11:06:16', ''),
(68, 42, 'ewrfd', '0817233044', 'Khang Nhựt Liên', 'Chưa Xác Nhận', 1, 2290000, '38', 1769900236, '2019-05-19 11:09:48', ''),
(69, 42, 'rgf', '0817233044', 'Khang Nhựt Liên', 'Đã Hủy', 4, 17160000, '38', 1422681237, '2019-05-19 07:13:24', 'jkyj'),
(70, 42, 'e', '0817233044', 'Khang Nhựt Liên', 'Chưa Xác Nhận', 3, 1077000, '1', 1713537273, '2019-05-20 14:54:23', ''),
(71, 55, 'thrt', '0817233044', 'Liên Nhựt Khang', 'Đã Xác Nhận', 5, 53676000, '38', 1733023743, '2019-05-20 14:56:06', ''),
(72, 55, 'qbeqwa', '0817233044', 'Liên Nhựt Khang', 'Chưa Xác Nhận', 2, 31280000, '38', 1205590144, '2019-05-26 13:05:32', ''),
(73, 55, 'qbeqwa', '0817233044', 'Liên Nhựt Khang', 'Chưa Xác Nhận', 2, 809000, '1', 762077401, '2019-05-26 13:05:32', ''),
(74, 55, 'ads', '0817233044', 'Liên Nhựt Khang', 'Chưa Xác Nhận', 1, 4290000, '38', 1709550489, '2019-05-26 13:07:53', ''),
(75, 42, 'w', '0817233044', 'Khang Nhựt Liên', 'Chưa Xác Nhận', 1, 23403000, '38', 1775104033, '2019-05-26 13:16:26', ''),
(76, 42, 'wáda', '0817233044', 'Khang Nhựt Liên', 'Chưa Xác Nhận', 1, 23403000, '38', 574126439, '2019-05-26 13:18:03', ''),
(77, 42, 'rử', '0817233044', 'Khang Nhựt Liên', 'Chưa Xác Nhận', 2, 23582000, '38', 1173929735, '2019-05-26 13:21:24', ''),
(78, 42, 'rử', '0817233044', 'Khang Nhựt Liên', 'Chưa Xác Nhận', 2, 23582000, '38', 547425965, '2019-05-26 13:24:47', ''),
(79, 42, 'rử', '0817233044', 'Khang Nhựt Liên', 'Chưa Xác Nhận', 2, 23582000, '38', 1019650945, '2019-05-26 13:27:08', ''),
(80, 42, 'qadqA', '0817233044', 'Khang Nhựt Liên', 'Chưa Xác Nhận', 2, 23582000, '38', 1705481100, '2019-05-26 13:29:50', ''),
(81, 42, 'qadqA', '0817233044', 'Khang Nhựt Liên', 'Chưa Xác Nhận', 2, 809000, '1', 1950776421, '2019-05-26 13:29:50', ''),
(82, 42, 'ƯAQRQA', '0817233044', 'Khang Nhựt Liên', 'Chưa Xác Nhận', 2, 27693000, '38', 710233407, '2019-05-26 13:30:16', ''),
(83, 42, 'ƯAQRQA', '0817233044', 'Khang Nhựt Liên', 'Chưa Xác Nhận', 2, 177000, '1', 865810722, '2019-05-26 13:30:16', ''),
(84, 1, 'Cần Thơ', '0817233044', 'Huỳnh Hữu Trọng', 'Chưa Xác Nhận', 1, 23403000, '38', 448139534, '2019-06-23 14:49:44', ''),
(85, 62, 'deo noi', '0987121831', 'trieunam08', 'Đã Giao Hàng', 1, 4290000, '38', 454838177, '2019-06-29 13:21:21', ''),
(86, 62, 'kkk', '0987121831', 'trieunam08', 'Đã Giao Hàng', 1, 10000000, '62', 821504280, '2019-06-29 16:28:38', ''),
(87, 62, 'ok', '0987121831', 'trieunam08', 'Đang Đóng Gói', 1, 10000000, '62', 2015436574, '2019-06-29 16:34:26', ''),
(88, 54, 'Cần Thơ', '0817233044', 'Liên Nhựt Khang', 'Chưa Xác Nhận', 1, 2290000, '38', 600669144, '2019-06-30 22:20:15', ''),
(89, 54, 'Cần Thơ', '0817233044', 'Liên Nhựt Khang', 'Chưa Xác Nhận', 2, 27169000, '38', 635226852, '2019-06-30 22:54:00', ''),
(90, 54, 'CT', '0817233044', 'Liên Nhựt Khang', 'Chưa Xác Nhận', 1, 450000, '1', 748830663, '2019-06-30 22:55:10', ''),
(91, 54, 'CT', '0817233044', 'Liên Nhựt Khang', 'Chưa Xác Nhận', 1, 26990000, '38', 354324912, '2019-06-30 22:55:10', ''),
(92, 54, 'CT', '0817233044', 'Liên Nhựt Khang', 'Chưa Xác Nhận', 1, 359000, '1', 378221709, '2019-06-30 22:56:59', ''),
(93, 54, 'CT', '0817233044', 'Liên Nhựt Khang', 'Chưa Xác Nhận', 2, 2469000, '38', 464087047, '2019-06-30 22:56:59', ''),
(94, 54, 'CT', '0817233044', 'Liên Nhựt Khang', 'Chưa Xác Nhận', 1, 9990000, '1', 2042198207, '2019-06-30 22:58:28', ''),
(95, 54, 'CT', '0817233044', 'Liên Nhựt Khang', 'Chưa Xác Nhận', 1, 26990000, '38', 1580043708, '2019-06-30 22:58:28', ''),
(96, 54, 'CT', '0817233044', 'Liên Nhựt Khang', 'Chưa Xác Nhận', 2, 10440000, '1', 1529816364, '2019-06-30 23:02:52', ''),
(97, 54, 'CT', '0817233044', 'Liên Nhựt Khang', 'Chưa Xác Nhận', 1, 4290000, '38', 457092188, '2019-06-30 23:02:52', ''),
(98, 54, 'CT', '0817233044', 'Liên Nhựt Khang', 'Chưa Xác Nhận', 1, 122000, '1', 964467016, '2019-06-30 23:03:35', ''),
(99, 54, 'CT', '0817233044', 'Liên Nhựt Khang', 'Chưa Xác Nhận', 1, 26990000, '38', 20329057, '2019-06-30 23:03:35', ''),
(100, 54, 'CT', '0817233044', 'Liên Nhựt Khang', 'Chưa Xác Nhận', 2, 10349000, '1', 1450721030, '2019-06-30 23:05:52', ''),
(101, 54, 'CT', '0817233044', 'Liên Nhựt Khang', 'Chưa Xác Nhận', 2, 10349000, '1', 1459687611, '2019-06-30 23:06:31', ''),
(102, 54, 'CT', '0817233044', 'Liên Nhựt Khang', 'Chưa Xác Nhận', 2, 10440000, '1', 2047932740, '2019-06-30 23:07:07', ''),
(103, 42, 'CT', '0817233044', 'Khang Nhựt Liên', 'Chưa Xác Nhận', 2, 481000, '1', 290478339, '2019-06-30 23:07:46', ''),
(104, 42, 'CT', '0817233044', 'Khang Nhựt Liên', 'Chưa Xác Nhận', 2, 23582000, '38', 293503426, '2019-06-30 23:08:49', ''),
(105, 42, 'CT', '0817233044', 'Khang Nhựt Liên', 'Chưa Xác Nhận', 1, 270000, '1', 1309916335, '2019-06-30 23:08:49', ''),
(106, 42, '', '0817233044', 'Khang Nhựt Liên', 'Chưa Xác Nhận', 1, 26990000, '38', 2032719968, '2019-06-30 23:10:18', ''),
(107, 42, '', '0817233044', 'Khang Nhựt Liên', 'Chưa Xác Nhận', 1, 122000, '1', 1617199177, '2019-06-30 23:10:18', ''),
(108, 42, '', '0817233044', 'Khang Nhựt Liên', 'Chưa Xác Nhận', 1, 26990000, '38', 461026126, '2019-06-30 23:11:40', ''),
(109, 42, '', '0817233044', 'Khang Nhựt Liên', 'Chưa Xác Nhận', 2, 392000, '1', 1207120706, '2019-06-30 23:11:40', ''),
(110, 42, 'CT', '0817233044', 'Khang Nhựt Liên', 'Chưa Xác Nhận', 2, 10440000, '1', 299978652, '2019-06-30 23:12:43', ''),
(111, 42, '', '0817233044', 'Khang Nhựt Liên', 'Chưa Xác Nhận', 2, 27169000, '38', 2146937167, '2019-06-30 23:13:11', ''),
(112, 42, '', '0817233044', 'Khang Nhựt Liên', 'Chưa Xác Nhận', 1, 450000, '1', 377427403, '2019-06-30 23:13:11', ''),
(113, 42, '', '0817233044', 'Khang Nhựt Liên', 'Chưa Xác Nhận', 1, 26990000, '38', 334277761, '2019-06-30 23:14:11', ''),
(114, 42, '', '0817233044', 'Khang Nhựt Liên', 'Chưa Xác Nhận', 1, 450000, '1', 962713102, '2019-06-30 23:14:11', ''),
(115, 1, 'CT', '0817233044', 'Huỳnh Hữu Trọng', 'Chưa Xác Nhận', 2, 25693000, '38', 948511773, '2019-07-01 22:20:40', ''),
(116, 1, 'CT', '0817233044', 'Huỳnh Hữu Trọng', 'Chưa Xác Nhận', 1, 4290000, '38', 1057426242, '2019-07-01 22:21:02', ''),
(117, 1, 'CT', '0817233044', 'Huỳnh Hữu Trọng', 'Chưa Xác Nhận', 1, 450000, '1', 1792407882, '2019-07-01 22:21:02', ''),
(118, 1, 'CT', '0817233044', 'Liên Nhựt Khang', 'Chưa Xác Nhận', 1, 4290000, '38', 1793010379, '2019-07-01 22:21:34', ''),
(119, 1, 'CT', '0817233044', 'Liên Nhựt Khang', 'Chưa Xác Nhận', 1, 450000, '1', 1179093333, '2019-07-01 22:21:34', ''),
(120, 1, 'ct', '0817233044', 'Liên Nhựt Khang', 'Chưa Xác Nhận', 1, 2290000, '38', 979289370, '2019-07-01 22:23:55', ''),
(121, 1, 'ct', '0817233044', 'Liên Nhựt Khang', 'Chưa Xác Nhận', 1, 450000, '1', 1060800096, '2019-07-01 22:23:55', ''),
(122, 42, 'CT', '0817233044', 'Khang Nhựt Liên', 'Chưa Xác Nhận', 2, 27169000, '38', 1310711020, '2019-07-01 22:24:27', ''),
(123, 42, 'ct', '0817233044', 'Khang Nhựt Liên', 'Chưa Xác Nhận', 2, 23582000, '38', 1174010830, '2019-07-01 22:29:47', ''),
(124, 42, 'ct', '0817233044', 'Khang Nhựt Liên', 'Chưa Xác Nhận', 1, 450000, '1', 292011915, '2019-07-01 22:29:47', ''),
(125, 42, 'ct', '0817233044', 'Khang Nhựt Liên', 'Chưa Xác Nhận', 1, 450000, '1', 53419687, '2019-07-01 22:30:12', ''),
(126, 42, 'ct', '0817233044', 'Khang Nhựt Liên', 'Chưa Xác Nhận', 2, 31280000, '38', 1284618767, '2019-07-01 22:30:12', ''),
(127, 42, 'CT', '0817233044', 'Khang Nhựt Liên', 'Chưa Xác Nhận', 3, 22220000, '1', 1791854986, '2019-07-01 22:32:02', ''),
(128, 42, 'CT', '0817233044', 'Khang Nhựt Liên', 'Chưa Xác Nhận', 1, 10000000, '62', 1953329700, '2019-07-01 22:32:47', ''),
(129, 42, 'CT', '0817233044', 'Khang Nhựt Liên', 'Chưa Xác Nhận', 2, 14960000, '1', 954501795, '2019-07-01 22:32:47', ''),
(130, 42, 'CT', '0817233044', 'Khang Nhựt Liên', 'Chưa Xác Nhận', 2, 884000, '1', 621757477, '2019-07-01 22:33:13', ''),
(131, 42, 'CT', '0817233044', 'Khang Nhựt Liên', 'Chưa Xác Nhận', 1, 1450000, '38', 657739365, '2019-07-01 22:33:13', ''),
(132, 43, 'Cần Thơ', '0343606417', 'huỳnh hữu trọng', 'Chưa Xác Nhận', 2, 23582000, '38', 1228475180, '2019-07-05 19:12:14', ''),
(133, 43, 'Cần Thơ', '0343606417', 'huỳnh hữu trọng', 'Chưa Xác Nhận', 1, 450000, '1', 2135460872, '2019-07-05 19:12:14', ''),
(134, 43, '123', '0343606417', 'huỳnh hữu trọng', 'Chưa Xác Nhận', 1, 2290000, '38', 1458898503, '2019-07-05 19:12:49', ''),
(135, 43, '123', '0343606417', 'huỳnh hữu trọng', 'Chưa Xác Nhận', 1, 359000, '1', 125001000, '2019-07-05 19:12:49', ''),
(136, 43, '123123', '0343606417', 'huỳnh hữu trọng', 'Chưa Xác Nhận', 1, 26990000, '38', 746949027, '2019-07-05 19:13:14', ''),
(137, 43, '123123', '0343606417', 'huỳnh hữu trọng', 'Chưa Xác Nhận', 1, 122000, '1', 284402860, '2019-07-05 19:13:14', ''),
(138, 37, 'cần thơ', '0343606417', 'lên văn b', 'Chưa Xác Nhận', 2, 14812000, '1', 1822060268, '2019-07-05 19:14:52', ''),
(139, 37, 'cần thơ', '0343606417', 'lên văn b', 'Chưa Xác Nhận', 1, 1450000, '38', 409175963, '2019-07-05 19:14:52', ''),
(140, 37, 'ct', '0817233044', 'lên văn b', 'Chưa Xác Nhận', 1, 2290000, '38', 610215439, '2019-07-05 19:21:43', ''),
(141, 37, 'ct', '0817233044', 'lên văn b', 'Chưa Xác Nhận', 1, 450000, '1', 230177556, '2019-07-05 19:23:00', ''),
(142, 37, 'c', '0817233044', 'lên văn b', 'Chưa Xác Nhận', 1, 2290000, '38', 1729096143, '2019-07-05 19:26:11', ''),
(143, 37, 'sdfews', '0817233044', 'lên văn b', 'Chưa Xác Nhận', 2, 4580000, '38', 1489303850, '2019-07-05 19:27:53', ''),
(144, 37, 'Cần Thơ', '0817233044', 'lên văn b', 'Chưa Xác Nhận', 2, 4580000, '38', 968330474, '2019-07-05 19:29:21', ''),
(145, 37, '123', '0343606417', 'lên văn b', 'Chưa Xác Nhận', 1, 23403000, '38', 2117307796, '2019-07-05 19:30:13', ''),
(146, 37, '123', '0343606417', 'lên văn b', 'Chưa Xác Nhận', 1, 450000, '1', 537953573, '2019-07-05 19:30:13', ''),
(147, 37, '123123', '0343606417', 'lên văn b', 'Chưa Xác Nhận', 1, 4290000, '38', 1166237085, '2019-07-05 19:30:35', ''),
(148, 37, '123123', '0343606417', 'lên văn b', 'Chưa Xác Nhận', 1, 359000, '1', 1359413202, '2019-07-05 19:30:35', ''),
(149, 37, '123123', '0343606417', 'lên văn b', 'Chưa Xác Nhận', 2, 21745000, '1', 402834516, '2019-07-05 19:31:22', ''),
(150, 37, '123123', '0343606417', 'lên văn b', 'Chưa Xác Nhận', 2, 28440000, '38', 1206506541, '2019-07-05 19:31:51', ''),
(151, 37, '123123', '0343606417', 'lên văn b', 'Chưa Xác Nhận', 1, 122000, '1', 1247002779, '2019-07-05 19:31:51', ''),
(152, 37, 'a', '0343606417', 'lên văn b', 'Chưa Xác Nhận', 2, 9649000, '1', 873685945, '2019-07-05 19:32:30', ''),
(153, 37, '1', '0343606417', 'lên văn b', 'Chưa Xác Nhận', 1, 26990000, '38', 834448159, '2019-07-05 19:34:44', ''),
(154, 37, '1', '0343606417', 'lên văn b', 'Chưa Xác Nhận', 2, 572000, '1', 1345716885, '2019-07-05 19:34:44', ''),
(155, 37, 'a', '0343606417', 'lên văn b', 'Chưa Xác Nhận', 1, 23403000, '38', 1810850553, '2019-07-05 19:36:10', ''),
(156, 37, 'a', '0343606417', 'lên văn b', 'Chưa Xác Nhận', 1, 122000, '1', 2142678412, '2019-07-05 19:36:10', ''),
(157, 37, '0', '0343606417', 'lên văn b', 'Chưa Xác Nhận', 3, 15262000, '1', 916163688, '2019-07-05 19:36:31', ''),
(158, 43, '0', '0343606417', 'huỳnh hữu trọng', 'Chưa Xác Nhận', 1, 359000, '1', 663744978, '2019-07-05 19:38:33', ''),
(159, 43, '0', '0343606417', 'huỳnh hữu trọng', 'Chưa Xác Nhận', 1, 4290000, '38', 1056480415, '2019-07-05 19:38:33', ''),
(160, 43, 'v', '0343606417', 'huỳnh hữu trọng', 'Chưa Xác Nhận', 3, 10404000, '1', 611866074, '2019-07-05 19:38:59', ''),
(161, 43, '1', '0134565664', 'huỳnh hữu trọng', 'Chưa Xác Nhận', 2, 27169000, '38', 1568287133, '2019-07-05 19:45:46', ''),
(162, 43, '1', '0134565664', 'huỳnh hữu trọng', 'Chưa Xác Nhận', 1, 450000, '1', 603209198, '2019-07-05 19:45:46', ''),
(163, 43, '1', '0343606417', 'huỳnh hữu trọng', 'Chưa Xác Nhận', 2, 14812000, '1', 1174812266, '2019-07-05 19:46:30', ''),
(164, 43, '0', '0343606417', 'huỳnh hữu trọng', 'Chưa Xác Nhận', 1, 23403000, '38', 130985254, '2019-07-05 19:48:04', ''),
(165, 43, '0', '0343606417', 'huỳnh hữu trọng', 'Chưa Xác Nhận', 1, 122000, '1', 968468824, '2019-07-05 19:48:04', ''),
(166, 51, 'Cần Thơ', '0817233044', 'huutrong', 'Đã Xác Nhận', 1, 450000, '1', 1225734622, '2019-07-06 09:54:38', '');

-- --------------------------------------------------------

--
-- Cấu trúc bảng cho bảng `lichsu`
--

CREATE TABLE `lichsu` (
  `id` int(11) NOT NULL,
  `id_Item` varchar(200) COLLATE utf8_unicode_ci NOT NULL,
  `create_at` datetime NOT NULL
) ENGINE=InnoDB DEFAULT CHARSET=utf8 COLLATE=utf8_unicode_ci;

--
-- Đang đổ dữ liệu cho bảng `lichsu`
--

INSERT INTO `lichsu` (`id`, `id_Item`, `create_at`) VALUES
(27, '2,13,3', '2019-06-26 22:20:15'),
(28, '16,6,1', '2019-06-11 22:20:15'),
(52, '1', '2019-06-30 22:20:15'),
(53, '6,16', '2019-06-30 22:54:00'),
(54, '3,6', '2019-06-30 22:55:10'),
(55, '14,16,1', '2019-06-30 22:56:59'),
(56, '2,6', '2019-06-30 22:58:28'),
(57, '3,1,2', '2019-06-30 23:02:52'),
(58, '16,6', '2019-06-30 23:03:35'),
(59, '2,14', '2019-06-30 23:05:52'),
(60, '2,14', '2019-06-30 23:06:31'),
(61, '3,2', '2019-06-30 23:07:07'),
(62, '16,14', '2019-06-30 23:07:46'),
(63, '16,6,13', '2019-06-30 23:08:49'),
(64, '6,16', '2019-06-30 23:10:18'),
(65, '6,16,13', '2019-06-30 23:11:40'),
(66, '2,3', '2019-06-30 23:12:43'),
(67, '16,6,3', '2019-06-30 23:13:11'),
(68, '6,3', '2019-06-30 23:14:11'),
(69, '1,6', '2019-07-01 22:20:40'),
(70, '1,3', '2019-07-01 22:21:02'),
(71, '1,3', '2019-07-01 22:21:34'),
(72, '1,3', '2019-07-01 22:23:55'),
(73, '16,6', '2019-07-01 22:24:27'),
(74, '16,3,6', '2019-07-01 22:29:47'),
(75, '3,6,1', '2019-07-01 22:30:12'),
(76, '3,12,2', '2019-07-01 22:32:02'),
(77, '1,13,6', '2019-07-01 22:32:47'),
(78, '14,20,3', '2019-07-01 22:33:13'),
(79, '1', '2019-07-05 19:29:21'),
(80, '6,3', '2019-07-05 19:30:14'),
(81, '1,14', '2019-07-05 19:30:35'),
(82, '2,3', '2019-07-05 19:31:22'),
(83, '6,16,3', '2019-07-05 19:31:51'),
(84, '1,14', '2019-07-05 19:32:30'),
(85, '6,16,3', '2019-07-05 19:34:45'),
(86, '6,16', '2019-07-05 19:36:10'),
(87, '6,16,3', '2019-07-05 19:36:31'),
(88, '14,1', '2019-07-05 19:38:33'),
(89, '2,3,14', '2019-07-05 19:39:00'),
(90, '6,3,16', '2019-07-05 19:45:46'),
(91, '6,16', '2019-07-05 19:46:30'),
(92, '6,16', '2019-07-05 19:48:05'),
(93, '3', '2019-07-06 09:54:38');

-- --------------------------------------------------------

--
-- Cấu trúc bảng cho bảng `loaisanpham`
--

CREATE TABLE `loaisanpham` (
  `id_LoaiSanPham` int(11) NOT NULL,
  `TenLoaiSanPham` varchar(50) COLLATE utf8_unicode_ci NOT NULL,
  `id_menu` int(11) NOT NULL
) ENGINE=InnoDB DEFAULT CHARSET=utf8 COLLATE=utf8_unicode_ci;

--
-- Đang đổ dữ liệu cho bảng `loaisanpham`
--

INSERT INTO `loaisanpham` (`id_LoaiSanPham`, `TenLoaiSanPham`, `id_menu`) VALUES
(1, 'Điện thoại di động', 1),
(2, 'Máy tính bảng', 1),
(3, 'Thiết bị âm thanh', 1),
(4, 'Laptop', 1),
(5, 'Máy tính để bàn', 1),
(6, 'Phụ kiện di động', 2),
(7, 'Phụ kiện máy tính', 2),
(8, 'Thiết bị mạng', 2),
(9, 'Thời trang nữ', 3),
(10, 'Thời trang nam', 3),
(11, 'Phụ kiện thời trang', 3),
(12, 'Trang điểm', 4),
(13, 'Chăm sóc da', 4),
(14, 'Chăm sóc tóc', 4);

-- --------------------------------------------------------

--
-- Cấu trúc bảng cho bảng `luatkethop`
--

CREATE TABLE `luatkethop` (
  `id` int(11) NOT NULL,
  `id_Sp` int(11) NOT NULL,
  `Array_LKH` varchar(100) COLLATE utf8_unicode_ci NOT NULL,
  `Count` int(11) NOT NULL
) ENGINE=InnoDB DEFAULT CHARSET=utf8 COLLATE=utf8_unicode_ci;

--
-- Đang đổ dữ liệu cho bảng `luatkethop`
--

INSERT INTO `luatkethop` (`id`, `id_Sp`, `Array_LKH`, `Count`) VALUES
(1, 3, '2', 33),
(2, 2, '3', 70),
(3, 2, '14', 30),
(4, 14, '2', 33),
(5, 14, '1', 44),
(6, 1, '3', 36),
(7, 6, '16', 68),
(8, 6, '3', 45),
(9, 16, '3,6', 35),
(10, 13, '16,6', 50),
(11, 13, '6', 100),
(12, 13, '16', 67),
(13, 3, '6', 100),
(14, 16, '6', 100),
(15, 3, '16', 60),
(16, 16, '3', 40);

-- --------------------------------------------------------

--
-- Cấu trúc bảng cho bảng `sanpham`
--

CREATE TABLE `sanpham` (
  `id_SanPham` int(11) NOT NULL,
  `TenSanPham` varchar(100) COLLATE utf8_unicode_ci NOT NULL,
  `Hinh` varchar(100) COLLATE utf8_unicode_ci NOT NULL,
  `Hinh1` varchar(100) COLLATE utf8_unicode_ci NOT NULL,
  `Hinh2` varchar(100) COLLATE utf8_unicode_ci NOT NULL,
  `ChiTietSanPham` text COLLATE utf8_unicode_ci NOT NULL,
  `MoTa` varchar(2000) COLLATE utf8_unicode_ci NOT NULL,
  `Gia` int(11) NOT NULL,
  `Kho` int(11) NOT NULL,
  `id_ChiTietLoai` int(11) NOT NULL,
  `id_User` int(11) NOT NULL
) ENGINE=InnoDB DEFAULT CHARSET=utf8 COLLATE=utf8_unicode_ci;

--
-- Đang đổ dữ liệu cho bảng `sanpham`
--

INSERT INTO `sanpham` (`id_SanPham`, `TenSanPham`, `Hinh`, `Hinh1`, `Hinh2`, `ChiTietSanPham`, `MoTa`, `Gia`, `Kho`, `id_ChiTietLoai`, `id_User`) VALUES
(1, 'Điện thoại Samsung Galaxy M20 (3GB/32GB)', 'SamsungGalaxyM20(3GB32GB)1.jpg', 'SamsungGalaxyM20(3GB32GB).jpg', 'SamsungGalaxyM20(3GB32GB)2.jpg', 'SamSung:Samsung Galaxy A7 2018:Hơn 128 GB:LTE:Dual:No:5.8:Android 8:6GB:16MP:10MP:Yes:Có:3.0 Type-C:3300:Xanh:24 Tháng', 'Mới mua còn bao hành đến 18.1.2021. 2 năm nữa. Cần tiền tiêu tết bán gấp sam sung a7 2018 ram 6gb, bộ nhớ 128gb. Bán gấp tiêu tết', 4290000, 50, 1, 38),
(2, 'Điện thoại OPPO F9', 'OPPOF9.jpg', 'OPPOF9.jpg', 'OPPOF9.jpg', 'OPPO:OPPO F9:64 GB:Hỗ trợ 4G:2 Nano SIM:No:6.3\":ColorOS 5.2 (Android 8.1):4 GB:16 MP:25 MP:Yes:Có:3.0:3500:Xanh:11.5 Tháng:5:HCM', 'Đặc điểm nổi bật của OPPO F9\r\nTìm hiểu thêm\r\nTìm hiểu thêm\r\nTìm hiểu thêm\r\nBộ sản phẩm chuẩn: Hộp, Sạc, Tai nghe, Cáp, Cây lấy sim, Ốp lưng\r\n\r\nLà chiếc điện thoại OPPO mới nhất sở hữu công nghệ sạc VOOC đột phá, OPPO F9 còn được ưu ái nhiều tính năng nổi trội như thiết kế mặt lưng chuyển màu độc đáo, màn hình tràn viền giọt nước và camera chụp chân dung tích hợp trí tuệ nhân tạo A.I hoàn hảo.\r\nSạc VOOC nhanh đột phá\r\nTrong những giây phút gay cấn như chơi game điện thoại báo hết pin hay sáng dậy đi làm nhưng phát hiện quên sạc pin thì bộ sạc của OPPO F9 sẽ đem lại sự cứu trợ ngay lập tức.\r\n\r\nVới sạc VOOC 5V/AA, tốc độ sạc trở nên nhanh chóng so với các bộ sạc thông thường.', 2290000, 0, 1, 38),
(3, 'Apple iPad 2018 Wi-Fi 128GB', '7603956.jpg', '2238960.jpg', '56626948.jpg', 'Apple:Apple iPhone 6s Plus:128GB:LTE:Single:Yes:5.5:IOS:16MB:19MP:3.2MP:Yes:Có:3.1 Type-C:5000:Hồng:6 Tháng', 'Màn hình Retina 9.7inch\r\nBộ vi xử lí A10 cho hiệu năng hoạt động mạnh mẽ\r\nROM 128GB\r\nCamera 8 MP, FaceTime với độ phân giải HD\r\nTouch ID\r\nHỗ trợ bút Apple Pencil', 9990000, 50, 2, 1),
(4, 'Pin sạc dự phòng Samsung EB-P1100 10.000mAh Micro-USB', 'Samsung-B-P1100-10.000mAh-Micro-USB.jpg', 'Samsung-B-P1100-10.000mAh-Micro-USB.jpg', 'Samsung-B-P1100-10.000mAh-Micro-USB.jpg', 'SamSung:Nhiều dòng máy:Cao su:Sạc dự phòng:10 Tháng', 'Dung lượng Pin: 10,000 mAh\r\nMàu sắc: bạc\r\nNguồn điện đầu vào: 5V-2A (sạc thường) 9V-1.67A (sạc nhanh)\r\nNguồn điện đầu ra:5V-2A (sạc thường) 9V-1.67A (sạc nhanh)\r\nPhụ kiện trong hộp: Pin, Cáp sạc, Hướng dẫn sử dụng\r\nĐộ mỏng 14mm', 359000, 10, 14, 1),
(5, 'Laptop Xiaomi Mi Notebook Pro 15.6inch i5 8G', 'Laptop-Xiaomi-Mi Notebook-Pro-15.6inch-i5-8G.jpg', 'Laptop-Xiaomi-Mi Notebook-Pro-15.6inch-i5-8G.jpg', 'Laptop-Xiaomi-Mi Notebook-Pro-15.6inch-i5-8G.jpg', 'XIAOMI:6 tháng:5:Quận Đống Đa, Hà Nội', 'Chuẩn wifi 802.11ac nhanh gấp 6 lần\r\nCông nghệ sạc Quick Charge 3.0 chỉ cần 30 phút sạc được 50% pin.\r\nCard đồ họa NVIDIA GeForce MX150 cùng bộ nhớ 2GB\r\nLoa Harman Infinity cho trải nghiệm âm thanh Cinema với âm thanh tần số thấp sâu hơn.\r\nMàn hình 15.6 inch cùng độ phân giải Full HD.\r\nThương hiệu Xiaomi uy tín và thời thượng.', 23403000, 0, 6, 38),
(6, 'Laptop Dell Inspiron 7559: I5 6300H RAM 8GB HDD 1TB NVIDIA GTX960M 15.6 inch FullHD', 'Laptop-Dell-Inspiron-7559.jpg', 'Laptop-Dell-Inspiron-7559.jpg', 'Laptop-Dell-Inspiron-7559.jpg', 'DELL:12 Tháng', 'CPU: Intel® Skylake Core™ i5 6300HQ (2.3GHz, 6M Cache, up to 3.20GHz)\r\nRAM: 8GB 1600MHz DDR3L (có thể nâng cấp thêm)\r\nHDD: 1TB 5400RPM SATA (có thể nâng cấp thêm)\r\nVGA: Integrated Intel® HD Graphics 530 + NVIDIA® GeForce® GTX 960M 4GB GDDR5\r\nLCD: 15.6 inch FHD (1920 x 1080) Anti-Glare LED Backlit Display\r\nÂm thanh: Waves MaxxAudio® Pro\r\nĐọc thẻ nhớ 8 in 1, HDMI, Wifi , Bluetooth 4.0, USB 3.0.\r\nTrọng lượng: 2.57 kg\r\nHệ điều hành tương thích: Windows\r\nMàu sắc: Đen, Đỏ', 14200000, 50, 6, 1),
(7, 'Chuột quang không dây Rapoo 3100P', 'Rapoo-3100P.jpg', 'Rapoo-3100P.jpg', 'Rapoo-3100P.jpg', 'No brand:6 Thang:5:Quận Tân Bình, TP. Hồ Chí Minh', 'Chuột quang (ẩn) không dây, sóng 5Ghz đầu tiên trên thế giới kết nổi ổn định và tiết kiệm pin hơn. Phạm vi họat động 10m - Độ phân giải 1000dpi.\r\nThiết kế các rãnh cao su bên hông chuột cảm giác thoải mái khi điều khiển\r\nTuổi thọ pin 18 tháng\r\n3 Màu: Xanh, Đen, Trắng', 179000, 10, 16, 38),
(8, 'Chuột Game thủ PANGYINGO Y09 phiên bản 2018 có đèn LED đổi màu cực đẹp', 'PANGYINGO-Y09.jpg', 'PANGYINGO-Y09.jpg', 'PANGYINGO-Y09.jpg', 'No brand:6 Thang:5:Quận Tân Bình, TP. Hồ Chí Minh', 'Thiết kế cực độc lạ, thanh lịch, tiện dụng, hoàn hảo và phù hợp với cả laptop hay PC\r\nDễ cài Đặt, dễ sử dụng.\r\nTương thích với nhiều dòng máy tính, laptop\r\nNhựa an toàn ABS và thép không gỉ\r\nLED nhiều màu\r\nĐộ phân giải quang học 3200 (dpi)\r\nGiao diện kết nối: cổng USB', 122000, 10, 16, 1),
(9, 'Laptop Asus UX430UN-GV096T', 'UX430UN-GV096T.jpg', 'UX430UN-GV096T.jpg', 'UX430UN-GV096T.jpg', 'ASUS:12 tháng:5:Quận Đống Đa, Hà Nội', 'Chất liệu cao cấp\r\nĐộ bền cao\r\nAn toàn khi sử dụng', 26990000, 10, 6, 38),
(10, 'Loa Bluetooth P88 P89 NT88 Âm thanh cực chuẩn tặng kèm Micro hát Karaoke', 'Bluetooth-P88-P89-NT88.jpg', 'Bluetooth-P88-P89-NT881.jpg', 'Bluetooth-P88-P89-NT882.jpg', 'BT:3 tháng:3: Hồ Chí Minh', 'Hỗ trợ nghe nhạc qua kết nối không dây với các thiết bị.\r\nTích hợp thêm 2 cổng nghe nhạc từ USB và thẻ nhớ.\r\nP-88 còn có thêm cổng cắm mic có dây: chúng ta có thể dùng chức năng này cho việc đáp ứng các nhu cầu: đào tạo, bán hàng, quảng bá, hướng dẫn, ca hát giải trí ....', 264000, 10, 3, 1),
(11, 'Điện thoại iphonex 64gb', 'iphonex-64gb.jpg', 'iphonex-64gb.jpg', '12018776.jpg', 'Apple:Apple iPhone X:64GB:LTE:Single:Yes:6:IOS:3GB:12MP:7MP:Yes:Có:3.1 Type-C:2750:Nhiều màu:6 Tháng', 'Màn hình:LTPS LCD, 5.8\", Full HD+\r\nHệ điều hành:ColorOS 5.2 (Android 8.0)\r\nCamera sau:16 MP và 2 MP (2 camera)\r\nCamera trước:25 MP\r\nCPU:MediaTek Helio P60 8 nhân 64-bit\r\nRAM:3GB\r\nBộ nhớ trong: 128 GB', 2800000, 10, 1, 1),
(12, 'Apple iPhone 6s Plus 32GB', 'iPhone-6s-Plus-32GB.jpg', 'iPhone-6s-Plus-32GB.jpg', 'iPhone-6s-Plus-32GB.jpg', ' Apple:Apple iPhone 6s Plus:32GB:LTE:Single:Yes:18.4:IOS:16MB:19MP:3.2MP:Yes:Có:3.1 Type-C:5000:Hồng:6 Tháng:2:Quận Hà Đông, Hà Nội', 'Hàng chính hãng, mã hàng VN/A\r\nMàn hình: 5.5\", Retina HD\r\nHệ điều hành: iOS 11\r\nRAM: 2 GB, ROM: 32 GB\r\nCamera: 12 MP, Selfie: 5 MP\r\nPIN: 2750 mAh', 9290000, 0, 1, 1),
(13, 'Laptop Dell Inspiron 3576 i5 8250U/4GB/1TB/Win10/(P63F002N76F)', 'Laptop-Dell-Inspiron-3576-i5-8250U.png', 'Laptop-Dell-Inspiron-3576-i5-8250U.png', 'Laptop-Dell-Inspiron-3576-i5-8250U.png', 'Dell:6 tháng:5:Quận Đống Đa, Hà Nội\r\n', 'Bộ xử lý\r\nCông nghệ CPU	Intel Core i5 Kabylake Refresh\r\nLoại CPU	8250U\r\nTốc độ CPU	1.60 GHz\r\nTốc độ tối đa	Turbo Boost 3.4 GHz\r\nTốc độ Bus	2400 MHz\r\nBộ nhớ, RAM, Ổ cứng\r\nRAM	4 GB\r\nLoại RAM	DDR4 (2 khe)\r\nTốc độ Bus RAM	2400 MHz\r\nHỗ trợ RAM tối đa	16 GB\r\nỔ cứng	HDD: 1 TB\r\nMàn hình\r\nKích thước màn hình	15.6 inch\r\nĐộ phân giải	Full HD (1920 x 1080)\r\nCông nghệ màn hình	TrueLife LED-Backlit Display\r\nMàn hình cảm ứng	Không\r\nĐồ họa và Âm thanh\r\nThiết kế card	Card đồ họa tích hợp\r\nCard đồ họa	Intel® UHD Graphics 620\r\nCông nghệ âm thanh	Waves MaxxAudio, Combo Microphone & Headphone, Loa kép (2 kênh)\r\nCổng kết nối & tính năng mở rộng\r\nCổng giao tiếp	HDMI 1.4, 2 x USB 3.0, LAN (RJ45), USB 2.0\r\nKết nối không dây	Bluetooth 4.1, Wi-Fi 802.11 a/b/g/n/ac\r\nKhe đọc thẻ nhớ	SD\r\nỔ đĩa quang	Có (đọc, ghi dữ liệu)\r\nWebcam	HD webcam\r\nĐèn bàn phím	Không\r\nTính năng khác	Multi TouchPad\r\nPIN\r\nLoại PIN	PIN rời\r\nThông tin Pin	Li-Ion 4 cell\r\nHệ điều hành\r\nHệ điều hành	Windows 10 Home SL\r\nKích thước & trọng lượng\r\nKích thước	Dài 380 mm - Rộng 260.3 mm - Dày 23.65 mm\r\nTrọng lượng	2.3 Kg\r\nChất liệu	Vỏ nhựa', 14690000, 0, 6, 1),
(14, 'Tai Nghe Gaming Corsair HS50 Stereo - Carbon CA-9011170-AP', 'GamingCorsairHS50Stereo.jpg', 'GamingCorsairHS50Stereo1.jpg', 'GamingCorsairHS50Stereo2.jpg', 'No brand:24 tháng:5:Quận Đống Đa, Hà Nội', '* Thông tin sản phẩm:\r\n- Tên sản phẩm: Tai nghe Corsair HS50 Stereo - Carbon\r\n- Thương hiệu: USA\r\n- Sản xuất: China\r\n- Sản phẩm được phân phối bởi KTC (Công ty TNHH Khải Thiên)\r\n- Bảo hành: 24 tháng\r\n\r\n* Thông số kỹ thuật:\r\n- Loại Tai nghe: HS50\r\n- Màu: Carbon\r\n- Dải tần số: \r\n+ Headphone: 20 – 20.000 Hz\r\n+ Microphone: 100 – 100.000 Hz\r\n- Trở kháng:\r\n+ Headphone: 32k Ohms @ 1 kHz\r\n+ Microphone: 2.0k Ohms\r\n- Drivers:	50mm\r\n- Jack cắm	3.5mm\r\n- Độ nhạy ( Microphone ): -40dB (+/-3dB)', 1450000, 0, 3, 38),
(15, 'Tai Nghe Nhét Tai Earphone Langsdom JM26 Super Bass (Đen)', 'EarphoneLangsdomJM26SuperBass.jpg', 'EarphoneLangsdomJM26SuperBass1.jpg', 'EarphoneLangsdomJM26SuperBass2.jpg', 'No Brand:10 Tháng', 'Chú ý: Đang khuyến mại, đơn hàng tối thiểu 20k mới đặt được hàng trên shopee, quý khách ghép đơn với các sản phẩn khách để có thể mua hàng khuyến mại được\r\n\r\nNên các bạn thêm các sản phẩm khác của shop để đặt được hàng nhé.\r\nI. Giới thiệu sản phẩm\r\n\r\nTai nghe Langsdom JM26 phiên bản mới ra mắt thị trường vào cuối năm 2017 và hiện tại đang nắm giữ vị trí tai nghe bán chạy nhất trong dòng tai nghe nhét tai trên thị trường châu Á. Chiếc tai nghe này được đánh giá sẽ trở thành trào lưu mới trong năm 2018 này.\r\n\r\nMặc dù là chiếc tai nghe tập trung dành cho các loại nhạc nhiều Bass như Hiphop, EDM,... nhưng Langsdom JM26 vẫn khắc họa được âm Mid và Treble ở một cách trung thực, rõ ràng và chi tiết.\r\n\r\nChiếc tai nghe tích hợp microphone, nút điều khiển bài hát Play/Pause và nhận cuộc gọi:', 55000, 0, 3, 1),
(16, 'Điện Thoại Samsung Galaxy Note 9 (512GB - Xanh Dương) - Hãng Phân Phối Chính Thức', '45681142.jpg', '4189120.jpg', '19874482.jpg', 'SamSung:Acer Iconica W3-810:64GB:GSM:Dual:Yes:5.5:Android 4.0.4:4GB:16MP:10MP:Yes:Yes:3.0 Type-C:4000:Bạc:12 Tháng', 'Chụp ảnh nâng cao	Zoom quang học (Camera kép), Chụp ảnh xóa phông, Chế độ Slow Motion, A.I Camera, Điều chỉnh khẩu độ, Super Slow motion (quay siêu chậm), Tự động lấy nét, Chạm lấy nét, Nhận diện khuôn mặt, HDR, Panorama, Chống rung quang học (OIS), Beautify, Chế độ chụp chuyên nghiệp\r\n', 21690000, 50, 2, 1),
(17, 'Tai Nghe Chuyên Game Each G2000', '71292838.jpg', '5462322.jpg', '9232796.jpg', ':10 Tháng', '- Tai nghe chuyên game Each G2000 sử dụng màng loa 50mm, mang lại cho bạn âm thanh sống động, âm thanh rõ nét, cảm giác thực trong các trò chơi khác nhau. \r\n- Tai nghe che kín tai giảm tiếng ồn tối đa. Phần đệm tai sử dụng chất liệu da thân thiện với da và siêu mềm giúp thoải mái hơn trong thời gian dài. \r\n- Đèn LED được thiết kế trên đệm tai và microphone, làm nổi bật không khí của trò chơi. \r\n- Dây tai nghe được bọc tăng độ bền.\r\n- Trên dây có trang bị một bộ điều khiển âm lượng quay, tắt mở Mic, thuận tiện hơn để sử dụng.', 450000, 34, 3, 1),
(20, 'Ốp Lưng Huawei P20 Pro Vân Da Siêu Bền Siêu Chống Sốc', '96454125.jpg', '81607369.jpg', '51757262.jpg', 'Huawei Nova 3e:Tất cả dòng máy:Da:Chống sốc:1 Tháng', 'Ốp lưng Huawei p20 pro vân da baseus cực đẹp\r\n_ Sang trọng lịch lãm đẳng cấp phái mạnh\r\n_ Dạy dặn chống va đập tuyệt vời, bao bọc toàn bộ viền và lưng máy\r\n_ Vân da chống trơn trượt, chống trày xước, không bám vân tay\r\n_ Lưng có các khe rãnh chống nóng, giúp thoát nhiệt\r\n_ Thiết kế tinh xảo không bavia lồi lõm, Phong cách mới\r\n_ Siêu bền bỉ, dùng vài năm không hỏng\r\n_ Không bị ố vàng ngả màu cháo lòng không dão ốp cực chặt', 80000, 5, 12, 1),
(21, 'Sim 4G Viettel D500 D900 Trọn Gói 1 Năm Không Nạp Tiền', '29045298.jpg', '72458456.jpg', '57243797.jpg', 'Viettel:Không Bảo Hành', 'CTY TNHH CHUẨN STORE LÀ ĐẠI LÝ CẤP 1 VIETTEL, MOBI, VINA, VNMB. TẤT CẢ SẢN PHẨM BÁN RA LÀ CHÍNH HÃNG VÀ BẢO HÀNH 1 NĂM ĐÚNG CAM KẾT.\r\nSim đã tuân thủ các quy định pháp luật hiện hành về đăng ký thông tin thuê bao.\r\n-----------------------------\r\nQUÝ KHÁCH CHÚ Ý: SP CÓ 2 LOẠI HÀNG\r\nD500 ( 4GB X 12 THÁNG)\r\nD900 ( 7GB X 12 THÁNG)\r\n---------------------------------\r\nLà tập đoàn viễn thông lớn nhất Việt Nam, SIM 4G Viettel luôn là sự lựa chọn hàng đầu về chất lượng ổn định của sóng. Nếu bạn là người dùng internet ở mức độ bình thường, yêu cầu sự ổn định, đặc biệt là hay di chuyển, du lịch đến những nơi vùng sâu vùng xa, thì SIM 4G VIETTEL D500 và D700 trọn gói 1 năm không nạp tiền chắc chắn sẽ là sản phẩm đồng hành cùng bạn trong mỗi chuyến đi. \r\nThông tin chi tiết Sim 4G Viettel trọn gói 1 năm như sau: \r\n- Sim mới 100%, có sẵn 4GB - 7GB DATA tốc độ cao. \r\n- Dùng hết tốc độ cao hệ thống chuyển xuống tốc độ 128kb/s và không gới hạn. \r\n- Dung lượng tương ứng 48GB~84GBnăm ( Tặng 4GB~7GB tháng x 12 tháng liên tục)\r\n - KHÔNG CẦN NẠP TIỀN, không mất thêm phí duy trì hàng tháng\r\n - Sim 11 số KHÔNG Nghe – Gọi – SMS được\r\n - Sim 3 trong 1 ( MICRO, NANO) phù hợp với mọi thiết bị sử dụng \r\n- Có thể sử dụng cho Điện thoại, bộ phát wifi, USB, máy tính bảng, camera an nin', 270000, 50, 13, 1),
(22, 'Bộ Phát Wifi Tenda AC7 5 Râu Xuyên Tường Siêu Mạnh - Nâng Cấp Của Tenda AC6', '18848937.jpg', '3519578.jpg', '48707754.jpg', 'Tenda:5 Tháng', 'Tenda AC7 là sản phẩm Router Wifi vừa được hãng Tenda ra mắt hướng tới hộ gia đình và doanh nghiệp nhỏ với tốc độ cao hỗ trợ 2 băng tần 2.4Ghz/5Ghz chuẩn 802.11b/g/n/ac Wave 2 1167Mbps và khả năng phát sóng mạnh mẽ với 5 anten 6dBi. \r\nTenda AC7 sử dụng chipset Broadcom của Mỹ nên cho khả năng hoạt động bền bỉ, ổn định. Với sức chịu tải tối đa 32 user trên cả 2 băng tần. Hỗ trợ bảo mật WPA-PSK/WPA2-PSK, WPA/WPA2, Mac Filter, Hẹn giờ tắt mở wifi', 525000, 50, 20, 1),
(23, 'Nokia k27', '24734262.png', '21159714.png', '94643009.png', 'Nokia:Apple iPad mini 2:4GB:LTE:Dual:Yes:1.77:Android 5.0:32MB:12.3MP:1.3MP:Yes:Yes:2.0 Type-C:7900:Bạc:2 Tháng', 'made in china', 10000000, 12, 1, 62);

-- --------------------------------------------------------

--
-- Cấu trúc bảng cho bảng `traloi`
--

CREATE TABLE `traloi` (
  `id_TraLoi` int(11) NOT NULL,
  `NoiDungTraLoi` text COLLATE utf8_unicode_ci NOT NULL,
  `id_BinhLuan` int(11) NOT NULL,
  `id_User` int(11) NOT NULL
) ENGINE=InnoDB DEFAULT CHARSET=utf8 COLLATE=utf8_unicode_ci;

--
-- Đang đổ dữ liệu cho bảng `traloi`
--

INSERT INTO `traloi` (`id_TraLoi`, `NoiDungTraLoi`, `id_BinhLuan`, `id_User`) VALUES
(1, 'Led bật tự động nhé bạn', 1, 1),
(2, '2-3 ngày ạ', 2, 1),
(3, 'uk', 1, 1),
(9, '', 20, 38),
(10, 'êm', 21, 1),
(12, '50 m', 23, 1),
(13, 'tốt', 24, 1),
(14, 'noi8s j z mại', 25, 1),
(15, '', 26, 1),
(16, 'tốt', 27, 1),
(17, 'mua hok', 28, 38),
(18, '', 28, 38),
(19, '', 28, 1),
(20, '', 28, 38),
(21, '', 29, 38);

-- --------------------------------------------------------

--
-- Cấu trúc bảng cho bảng `users`
--

CREATE TABLE `users` (
  `id_User` int(11) NOT NULL,
  `HoTen` varchar(20) COLLATE utf8_unicode_ci NOT NULL,
  `GioiTinh` int(1) NOT NULL,
  `NgaySinh` date NOT NULL,
  `Email` varchar(50) COLLATE utf8_unicode_ci NOT NULL,
  `MatKhau` varchar(255) COLLATE utf8_unicode_ci NOT NULL,
  `SDT` varchar(11) COLLATE utf8_unicode_ci NOT NULL,
  `DiaChi` varchar(255) COLLATE utf8_unicode_ci NOT NULL,
  `Avatar` varchar(255) COLLATE utf8_unicode_ci NOT NULL,
  `TenShop` varchar(255) COLLATE utf8_unicode_ci NOT NULL,
  `AnhBia` varchar(225) COLLATE utf8_unicode_ci NOT NULL,
  `Banner` varchar(225) COLLATE utf8_unicode_ci NOT NULL,
  `Active` tinyint(1) NOT NULL,
  `Ma` int(11) NOT NULL
) ENGINE=InnoDB DEFAULT CHARSET=utf8 COLLATE=utf8_unicode_ci;

--
-- Đang đổ dữ liệu cho bảng `users`
--

INSERT INTO `users` (`id_User`, `HoTen`, `GioiTinh`, `NgaySinh`, `Email`, `MatKhau`, `SDT`, `DiaChi`, `Avatar`, `TenShop`, `AnhBia`, `Banner`, `Active`, `Ma`) VALUES
(1, 'Huỳnh Hữu Trọng', 1, '1997-01-29', 'huutrong@gmail.com', '4297f44b13955235245b2497399d7a93', '034606417', 'Cần Thơ', '8619495.jpg', 'ZxHeroxZ', '91989102.jpg', '31585407.jpg', 1, 0),
(37, 'lên văn b', 1, '2019-03-19', 'levana@gmail.com', '4297f44b13955235245b2497399d7a93', '1131', 'không biết có', '', '', '', '', 1, 0),
(38, 'Liên Nhựt Khang', 1, '0000-00-00', 'nhutkhangit@gmail.com', '4297f44b13955235245b2497399d7a93', '0817233044', 'HCM', '40238476.jpg', 'Khang', '', '35855790.png', 1, 0),
(42, 'Khang Nhựt Liên', 1, '1999-01-01', 'nhutkhangit1@gmail.com', '4297f44b13955235245b2497399d7a93', '0817233044', 'Cần Thơ', '8318209.jpg', 'Khang d', '42051889.png', '38777481.png', 1, 0),
(43, 'huỳnh hữu trọng', 1, '0000-00-00', 'trong@gmail.com', '4297f44b13955235245b2497399d7a93', '', '255 - Nguyễn Văn Cừ - An Hòa - Cần Thơ', '', 'Gaming', '', '', 1, 0),
(51, 'huutrong', 1, '0000-00-00', 'huynhhuutrong1997@gmail.com', '4297f44b13955235245b2497399d7a93', '0817233044', 'Cần Thơ', '', 'QQ', '', '', 1, 0),
(53, 'Liên Nhựt Khang', 1, '0000-00-00', 'nhutkhangit12@gmail.com', '4297f44b13955235245b2497399d7a93', '', '', '', '', '', '', 1, 0),
(54, 'Khang Nhựt Liên', 1, '0000-00-00', 'nhutkhangit5@gmail.com', '4297f44b13955235245b2497399d7a93', '', '', '', '', '', '', 1, 0),
(56, 'Liên Nhựt Khang', 1, '0000-00-00', 'admintkshop@gmail.com', '4297f44b13955235245b2497399d7a93', '', '', '', '', '', '', 2, 0),
(61, 'Kendy', 1, '0000-00-00', 'nhutkhangitit2@gmail.com', '4297f44b13955235245b2497399d7a93', '', '', '', '', '', '', 1, 0),
(62, 'trieunam08', 1, '0000-00-00', 'trieuphuongnam85@gmail.com', '87ff97bbe9b30286de1ac0ee40d8abd2', '0987121831', '340 Nguyễn trãi, Cà Mau', '13253773.png', 'NamTrieu', '', '23593029.png', 1, 0);

--
-- Chỉ mục cho các bảng đã đổ
--

--
-- Chỉ mục cho bảng `binhluan`
--
ALTER TABLE `binhluan`
  ADD PRIMARY KEY (`id_BinhLuan`);

--
-- Chỉ mục cho bảng `chitietdonhang`
--
ALTER TABLE `chitietdonhang`
  ADD PRIMARY KEY (`id`);

--
-- Chỉ mục cho bảng `chitietloaisanpham`
--
ALTER TABLE `chitietloaisanpham`
  ADD PRIMARY KEY (`id_ChiTietLoai`);

--
-- Chỉ mục cho bảng `danhgia`
--
ALTER TABLE `danhgia`
  ADD PRIMARY KEY (`id_DanhGia`);

--
-- Chỉ mục cho bảng `donhang`
--
ALTER TABLE `donhang`
  ADD PRIMARY KEY (`id`);

--
-- Chỉ mục cho bảng `lichsu`
--
ALTER TABLE `lichsu`
  ADD PRIMARY KEY (`id`);

--
-- Chỉ mục cho bảng `loaisanpham`
--
ALTER TABLE `loaisanpham`
  ADD PRIMARY KEY (`id_LoaiSanPham`);

--
-- Chỉ mục cho bảng `luatkethop`
--
ALTER TABLE `luatkethop`
  ADD PRIMARY KEY (`id`);

--
-- Chỉ mục cho bảng `sanpham`
--
ALTER TABLE `sanpham`
  ADD PRIMARY KEY (`id_SanPham`),
  ADD KEY `id_LoaiSanPham` (`id_ChiTietLoai`) USING BTREE;

--
-- Chỉ mục cho bảng `traloi`
--
ALTER TABLE `traloi`
  ADD PRIMARY KEY (`id_TraLoi`);

--
-- Chỉ mục cho bảng `users`
--
ALTER TABLE `users`
  ADD PRIMARY KEY (`id_User`),
  ADD UNIQUE KEY `Email` (`Email`);

--
-- AUTO_INCREMENT cho các bảng đã đổ
--

--
-- AUTO_INCREMENT cho bảng `binhluan`
--
ALTER TABLE `binhluan`
  MODIFY `id_BinhLuan` int(11) NOT NULL AUTO_INCREMENT, AUTO_INCREMENT=30;

--
-- AUTO_INCREMENT cho bảng `chitietdonhang`
--
ALTER TABLE `chitietdonhang`
  MODIFY `id` int(11) NOT NULL AUTO_INCREMENT, AUTO_INCREMENT=260;

--
-- AUTO_INCREMENT cho bảng `chitietloaisanpham`
--
ALTER TABLE `chitietloaisanpham`
  MODIFY `id_ChiTietLoai` int(11) NOT NULL AUTO_INCREMENT, AUTO_INCREMENT=37;

--
-- AUTO_INCREMENT cho bảng `danhgia`
--
ALTER TABLE `danhgia`
  MODIFY `id_DanhGia` int(11) NOT NULL AUTO_INCREMENT, AUTO_INCREMENT=8;

--
-- AUTO_INCREMENT cho bảng `donhang`
--
ALTER TABLE `donhang`
  MODIFY `id` int(11) NOT NULL AUTO_INCREMENT, AUTO_INCREMENT=167;

--
-- AUTO_INCREMENT cho bảng `lichsu`
--
ALTER TABLE `lichsu`
  MODIFY `id` int(11) NOT NULL AUTO_INCREMENT, AUTO_INCREMENT=94;

--
-- AUTO_INCREMENT cho bảng `loaisanpham`
--
ALTER TABLE `loaisanpham`
  MODIFY `id_LoaiSanPham` int(11) NOT NULL AUTO_INCREMENT, AUTO_INCREMENT=15;

--
-- AUTO_INCREMENT cho bảng `luatkethop`
--
ALTER TABLE `luatkethop`
  MODIFY `id` int(11) NOT NULL AUTO_INCREMENT, AUTO_INCREMENT=17;

--
-- AUTO_INCREMENT cho bảng `sanpham`
--
ALTER TABLE `sanpham`
  MODIFY `id_SanPham` int(11) NOT NULL AUTO_INCREMENT, AUTO_INCREMENT=24;

--
-- AUTO_INCREMENT cho bảng `traloi`
--
ALTER TABLE `traloi`
  MODIFY `id_TraLoi` int(11) NOT NULL AUTO_INCREMENT, AUTO_INCREMENT=22;

--
-- AUTO_INCREMENT cho bảng `users`
--
ALTER TABLE `users`
  MODIFY `id_User` int(11) NOT NULL AUTO_INCREMENT, AUTO_INCREMENT=63;
COMMIT;

/*!40101 SET CHARACTER_SET_CLIENT=@OLD_CHARACTER_SET_CLIENT */;
/*!40101 SET CHARACTER_SET_RESULTS=@OLD_CHARACTER_SET_RESULTS */;
/*!40101 SET COLLATION_CONNECTION=@OLD_COLLATION_CONNECTION */;
